Workbook

Sheet PRESUPUESTO
A3: PLAN OPERATIVO ANUAL 2024
A4: GERENCIA DE TECNOLOGÍAS DE INFORMACIÓN
A6: PATRON | F6: PLAN OPERATIVO ANUAL
F7: AÑO | G7: 2024
F8: FECHA DE DESCARGA DEL SISTEMA
Z11: CONSULTORIAS
T12: =G7 -> 2024 | Z12: SOLO CONSULTORIA DE LINEA
F13: N° | G13: CODIGO INTERNO DEL SISTEMA (dejar vacio si es un registro nuevo) | H13: id | I13: sys | J13: TIPO DE PRESUPUESTO | K13: UE | L13: CAT. PROG | M13: CODIGO DE TAREA | N13: TAREA | O13: PARTIDA PRESUPUESTARIA | P13: DESCRIPCION PARTIDA | Q13: FTE ORG FINANCIADOR | R13: ENTIDAD DE TRANSFERENCIA | S13: DETALLE DEL GASTO | T13: UNIDAD DE MEDIDA | U13: CANTIDAD REQUERIDA | V13: PRECIO UNITARIO | W13: TOTAL 2024 | X13: 2025 | Y13: TOTAL 2024-2025 | Z13: DURACION EN MESES | AA13: CARGO EQUIVALENTE A LA ESCALA SALARIAL | AB13: REMUNERACIÓN MENSUAL EQUIVALENTE A LA ESCALA SALARIAL | AC13: ÁREA ORGANIZACIONAL QUE VALIDE LA CONSULTORÍA | AD13: OBJETIVO DE LA CONSULTORIA | AE13: ACTIVIDADES DE LA CONSULTORÍA - FUNCIONES DEL CONSULTOR | AF13: PERFIL DEL CONSULTOR | AG13: RESULTADOS ESPERADOS (CUALITATIVOS Y/O CUANTITATIVOS)
N14: =IFERROR(VLOOKUP(M14,TAREAS!$C$1:$D$1000,2,0),"") | P14: =IFERROR(VLOOKUP(O14,PARTIDA!$C$1:$D$1000,2,0),"") | W14: =IF(Tabla24[DURACION EN MESES]<>"", Tabla24[CANTIDAD REQUERIDA]*Tabla24[REMUNERACIÓN MENSUAL EQUIVALENTE A LA ESCALA SALARIAL]*Tabla24[DURACION EN MESES], Tabla24[CANTIDAD REQUERIDA]*Tabla24[PRECIO UNITARIO]) -> 0 | Y14: =Tabla24[TOTAL 2024]+Tabla24[2025] -> 0 | AB14: =IFERROR(VLOOKUP(AA14,ESCALA!$B$1:$C$1000,2,0),"")
N15: =IFERROR(VLOOKUP(M15,TAREAS!$C$1:$D$1000,2,0),"") | P15: =IFERROR(VLOOKUP(O15,PARTIDA!$C$1:$D$1000,2,0),"") | W15: =IF(Tabla24[DURACION EN MESES]<>"", Tabla24[CANTIDAD REQUERIDA]*Tabla24[REMUNERACIÓN MENSUAL EQUIVALENTE A LA ESCALA SALARIAL]*Tabla24[DURACION EN MESES], Tabla24[CANTIDAD REQUERIDA]*Tabla24[PRECIO UNITARIO]) -> 0 | Y15: =Tabla24[TOTAL 2024]+Tabla24[2025] -> 0 | AB15: =IFERROR(VLOOKUP(AA15,ESCALA!$B$1:$C$1000,2,0),"")
N16: =IFERROR(VLOOKUP(M16,TAREAS!$C$1:$D$1000,2,0),"") | P16: =IFERROR(VLOOKUP(O16,PARTIDA!$C$1:$D$1000,2,0),"") | W16: =IF(Tabla24[DURACION EN MESES]<>"", Tabla24[CANTIDAD REQUERIDA]*Tabla24[REMUNERACIÓN MENSUAL EQUIVALENTE A LA ESCALA SALARIAL]*Tabla24[DURACION EN MESES], Tabla24[CANTIDAD REQUERIDA]*Tabla24[PRECIO UNITARIO]) -> 0 | Y16: =Tabla24[TOTAL 2024]+Tabla24[2025] -> 0 | AB16: =IFERROR(VLOOKUP(AA16,ESCALA!$B$1:$C$1000,2,0),"")
N17: =IFERROR(VLOOKUP(M17,TAREAS!$C$1:$D$1000,2,0),"") | P17: =IFERROR(VLOOKUP(O17,PARTIDA!$C$1:$D$1000,2,0),"") | W17: =IF(Tabla24[DURACION EN MESES]<>"", Tabla24[CANTIDAD REQUERIDA]*Tabla24[REMUNERACIÓN MENSUAL EQUIVALENTE A LA ESCALA SALARIAL]*Tabla24[DURACION EN MESES], Tabla24[CANTIDAD REQUERIDA]*Tabla24[PRECIO UNITARIO]) -> 0 | Y17: =Tabla24[TOTAL 2024]+Tabla24[2025] -> 0 | AB17: =IFERROR(VLOOKUP(AA17,ESCALA!$B$1:$C$1000,2,0),"")
N18: =IFERROR(VLOOKUP(M18,TAREAS!$C$1:$D$1000,2,0),"") | P18: =IFERROR(VLOOKUP(O18,PARTIDA!$C$1:$D$1000,2,0),"") | W18: =IF(Tabla24[DURACION EN MESES]<>"", Tabla24[CANTIDAD REQUERIDA]*Tabla24[REMUNERACIÓN MENSUAL EQUIVALENTE A LA ESCALA SALARIAL]*Tabla24[DURACION EN MESES], Tabla24[CANTIDAD REQUERIDA]*Tabla24[PRECIO UNITARIO]) -> 0 | Y18: =Tabla24[TOTAL 2024]+Tabla24[2025] -> 0 | AB18: =IFERROR(VLOOKUP(AA18,ESCALA!$B$1:$C$1000,2,0),"")
N19: =IFERROR(VLOOKUP(M19,TAREAS!$C$1:$D$1000,2,0),"") | P19: =IFERROR(VLOOKUP(O19,PARTIDA!$C$1:$D$1000,2,0),"") | W19: =IF(Tabla24[DURACION EN MESES]<>"", Tabla24[CANTIDAD REQUERIDA]*Tabla24[REMUNERACIÓN MENSUAL EQUIVALENTE A LA ESCALA SALARIAL]*Tabla24[DURACION EN MESES], Tabla24[CANTIDAD REQUERIDA]*Tabla24[PRECIO UNITARIO]) -> 0 | Y19: =Tabla24[TOTAL 2024]+Tabla24[2025] -> 0 | AB19: =IFERROR(VLOOKUP(AA19,ESCALA!$B$1:$C$1000,2,0),"")
N20: =IFERROR(VLOOKUP(M20,TAREAS!$C$1:$D$1000,2,0),"") | P20: =IFERROR(VLOOKUP(O20,PARTIDA!$C$1:$D$1000,2,0),"") | W20: =IF(Tabla24[DURACION EN MESES]<>"", Tabla24[CANTIDAD REQUERIDA]*Tabla24[REMUNERACIÓN MENSUAL EQUIVALENTE A LA ESCALA SALARIAL]*Tabla24[DURACION EN MESES], Tabla24[CANTIDAD REQUERIDA]*Tabla24[PRECIO UNITARIO]) -> 0 | Y20: =Tabla24[TOTAL 2024]+Tabla24[2025] -> 0 | AB20: =IFERROR(VLOOKUP(AA20,ESCALA!$B$1:$C$1000,2,0),"")
N21: =IFERROR(VLOOKUP(M21,TAREAS!$C$1:$D$1000,2,0),"") | P21: =IFERROR(VLOOKUP(O21,PARTIDA!$C$1:$D$1000,2,0),"") | W21: =IF(Tabla24[DURACION EN MESES]<>"", Tabla24[CANTIDAD REQUERIDA]*Tabla24[REMUNERACIÓN MENSUAL EQUIVALENTE A LA ESCALA SALARIAL]*Tabla24[DURACION EN MESES], Tabla24[CANTIDAD REQUERIDA]*Tabla24[PRECIO UNITARIO]) -> 0 | Y21: =Tabla24[TOTAL 2024]+Tabla24[2025] -> 0 | AB21: =IFERROR(VLOOKUP(AA21,ESCALA!$B$1:$C$1000,2,0),"")
N22: =IFERROR(VLOOKUP(M22,TAREAS!$C$1:$D$1000,2,0),"") | P22: =IFERROR(VLOOKUP(O22,PARTIDA!$C$1:$D$1000,2,0),"") | W22: =IF(Tabla24[DURACION EN MESES]<>"", Tabla24[CANTIDAD REQUERIDA]*Tabla24[REMUNERACIÓN MENSUAL EQUIVALENTE A LA ESCALA SALARIAL]*Tabla24[DURACION EN MESES], Tabla24[CANTIDAD REQUERIDA]*Tabla24[PRECIO UNITARIO]) -> 0 | Y22: =Tabla24[TOTAL 2024]+Tabla24[2025] -> 0 | AB22: =IFERROR(VLOOKUP(AA22,ESCALA!$B$1:$C$1000,2,0),"")
N23: =IFERROR(VLOOKUP(M23,TAREAS!$C$1:$D$1000,2,0),"") | P23: =IFERROR(VLOOKUP(O23,PARTIDA!$C$1:$D$1000,2,0),"") | W23: =IF(Tabla24[DURACION EN MESES]<>"", Tabla24[CANTIDAD REQUERIDA]*Tabla24[REMUNERACIÓN MENSUAL EQUIVALENTE A LA ESCALA SALARIAL]*Tabla24[DURACION EN MESES], Tabla24[CANTIDAD REQUERIDA]*Tabla24[PRECIO UNITARIO]) -> 0 | Y23: =Tabla24[TOTAL 2024]+Tabla24[2025] -> 0 | AB23: =IFERROR(VLOOKUP(AA23,ESCALA!$B$1:$C$1000,2,0),"")
N24: =IFERROR(VLOOKUP(M24,TAREAS!$C$1:$D$1000,2,0),"") | P24: =IFERROR(VLOOKUP(O24,PARTIDA!$C$1:$D$1000,2,0),"") | W24: =IF(Tabla24[DURACION EN MESES]<>"", Tabla24[CANTIDAD REQUERIDA]*Tabla24[REMUNERACIÓN MENSUAL EQUIVALENTE A LA ESCALA SALARIAL]*Tabla24[DURACION EN MESES], Tabla24[CANTIDAD REQUERIDA]*Tabla24[PRECIO UNITARIO]) -> 0 | Y24: =Tabla24[TOTAL 2024]+Tabla24[2025] -> 0 | AB24: =IFERROR(VLOOKUP(AA24,ESCALA!$B$1:$C$1000,2,0),"")
N25: =IFERROR(VLOOKUP(M25,TAREAS!$C$1:$D$1000,2,0),"") | P25: =IFERROR(VLOOKUP(O25,PARTIDA!$C$1:$D$1000,2,0),"") | W25: =IF(Tabla24[DURACION EN MESES]<>"", Tabla24[CANTIDAD REQUERIDA]*Tabla24[REMUNERACIÓN MENSUAL EQUIVALENTE A LA ESCALA SALARIAL]*Tabla24[DURACION EN MESES], Tabla24[CANTIDAD REQUERIDA]*Tabla24[PRECIO UNITARIO]) -> 0 | Y25: =Tabla24[TOTAL 2024]+Tabla24[2025] -> 0 | AB25: =IFERROR(VLOOKUP(AA25,ESCALA!$B$1:$C$1000,2,0),"")
... N14000: =IFERROR(VLOOKUP(M14000,TAREAS!$C$1:$D$1000,2,0),"") | P14000: =IFERROR(VLOOKUP(O14000,PARTIDA!$C$1:$D$1000,2,0),"") | W14000: =IF(Tabla24[DURACION EN MESES]<>"", Tabla24[CANTIDAD REQUERIDA]*Tabla24[REMUNERACIÓN MENSUAL EQUIVALENTE A LA ESCALA SALARIAL]*Tabla24[DURACION EN MESES], Tabla24[CANTIDAD REQUERIDA]*Tabla24[PRECIO UNITARIO]) -> 0 | Y14000: =Tabla24[TOTAL 2024]+Tabla24[2025] -> 0 | AB14000: =IFERROR(VLOOKUP(AA14000,ESCALA!$B$1:$C$1000,2,0),"")

Sheet REGISTRO

Sheet CAT_PROG
A1: 1 | B1: 23 | C1: 100 05130015500000 000
A2: 2 | B2: 23 | C2: 220 05130014800000 000
A3: 3 | B3: 25 | C3: 000 000 002

Sheet PARTIDA
A1: 1 | B1: 34 | C1: 344 | D1: des1
A2: 2 | B2: 35 | C2: 3344 | D2: desc2

Sheet TIPO_PRES

Sheet TAREAS
A1: 1 | B1: 1 | C1: 1.1 | D1: DESC

Sheet FTE_ORG

Sheet ESCALA
B1: consutlro iii | C1: 23

Sheet PROCEDENCIA

Sheet EMPRESA_1

Sheet EMPRESA_2

Sheet AE-CAMP-GLP-ME
B6: PERIODO DE DECLARACION DE INSUMO
B7: AÑO
B8: MES
B9: FECHA DE DESCARGA DEL SISTEMA
E11: N° | F11: CODIGO INTERNO DEL SISTEMA | G11: TITULAR | H11: CAMPO | I11: BBLS | J11: TM | K11: GRAVEDAD ESPECÍFICA

Sheet AE-CAMP-PROP-ME
B6: PERIODO DE DECLARACION DE INSUMO
B7: AÑO
B8: MES
B9: FECHA DE DESCARGA DEL SISTEMA
E11: N° | F11: CODIGO INTERNO DEL SISTEMA | G11: TITULAR | H11: CAMPO | I11: BBLS | J11: TM | K11: GRAVEDAD ESPECÍFICA
